Cluster,mean,std
2,133.9486828360349,89.89307576481885
0,339.86935819326084,209.80153727374233
1,515.1616111250673,307.0395387025685
